{"cameraMode":{"drawMode":0,"name":"Shaded","section":"Shading Mode"},"sceneLighting":false,"audioPlay":false,"sceneViewState":{"m_AlwaysRefresh":true,"showFog":true,"showSkybox":false,"showFlares":true,"showImageEffects":true,"showParticleSystems":true,"showVisualEffectGraphs":true,"m_FxEnabled":true},"in2DMode":false,"pivot":{"x":2.9802322387695315e-8,"y":2.200000047683716,"z":-5.960464477539063e-8},"rotation":{"x":0.30333343148231509,"y":-0.38797080516815188,"z":0.12850193679332734,"w":0.8608050346374512},"size":1.1157957315444947,"orthographic":false}